{
    "rmse": 0.6907114153848735,
    "mae": 0.5337797808301764,
    "r2": 0.24553336797750414
}